BR220728S06H09YA0484.jpg,1,8,2022-10-13 12:07:49,1.04,1.04
BR220728S06H09YB0168.jpg,1,8,2022-10-13 12:08:00,1.04,1.04
BR220728S06H09YC0074.jpg,1,13,2022-10-13 12:08:15,1.04,1.04
BR220728S06H09YA0310.jpg,1,4,2022-10-13 12:08:30,1.04,1.04
BR220728S06H09YJ0066.jpg,1,144,2022-10-13 12:08:44,1.04,1.04
BR220728S06H09YB0202.jpg,1,13,2022-10-13 12:09:15,1.04,1.04
BR220728S06H09YB0173.jpg,1,8,2022-10-13 12:09:30,1.04,1.04
BR220728S06H09YB0145.jpg,1,12,2022-10-13 12:09:45,1.04,1.04
BR220728S06H09YB0376.jpg,1,15,2022-10-13 12:10:15,1.04,1.04
BR220728S06H09YA0202.jpg,1,18,2022-10-13 12:10:30,1.04,1.04
BR220728S06H09YC0110.jpg,1,113,2022-10-13 12:10:46,1.04,1.04
BR220728S06H09YB0281.jpg,1,18,2022-10-13 12:11:00,1.04,1.04
BR220728S06H09YB0243.jpg,1,7,2022-10-13 12:11:15,1.04,1.04
BR220728S06H09YB0192.jpg,1,11,2022-10-13 12:11:30,1.04,1.04
BR220728S06H09YB0277.jpg,1,18,2022-10-13 12:11:45,1.04,1.04
BR220728S06H09YB0237.jpg,1,15,2022-10-13 12:12:00,1.04,1.04
BR220728S06H09YA0226.jpg,1,8,2022-10-13 12:12:15,1.04,1.04
BR220728S06H09YB0241.jpg,1,8,2022-10-13 12:12:31,1.04,1.04
BR220728S06H09YB0367.jpg,1,17,2022-10-13 12:12:45,1.04,1.04
BR220728S06H09YE0046.jpg,1,25,2022-10-13 12:13:01,1.04,1.04
BR220728S06H09YB0276.jpg,1,20,2022-10-13 12:13:15,1.04,1.04
BR220728S06H09YA0359.jpg,1,17,2022-10-13 12:13:31,1.04,1.04
BR220728S06H09YB0311.jpg,1,10,2022-10-13 12:13:45,1.04,1.04
BR220728S06H09YB0144.jpg,1,8,2022-10-13 12:14:01,1.04,1.04
BR220728S06H09YB0240.jpg,1,15,2022-10-13 12:14:16,1.04,1.04
BR220728S06H09YB0158.jpg,1,6,2022-10-13 12:14:31,1.04,1.04
BR220728S06H09YC0161.jpg,1,3,2022-10-13 12:14:46,1.04,1.04
BR220728S06H09YA0213.jpg,1,18,2022-10-13 12:15:01,1.04,1.04
BR220728S06H09YA0401.jpg,1,13,2022-10-13 12:15:16,1.04,1.04
BR220728S06H09YC0175.jpg,1,6,2022-10-13 12:15:31,1.04,1.04
BR220728S06H09YB0355.jpg,1,16,2022-10-13 12:15:46,1.04,1.04
BR220728S06H09YE0057.jpg,1,26,2022-10-13 12:16:01,1.04,1.04
BR220728S06H09YA0321.jpg,1,20,2022-10-13 12:16:16,1.04,1.04
BR220728S06H09YB0373.jpg,1,19,2022-10-13 12:16:30,1.04,1.04
BR220728S06H09YC0140.jpg,1,17,2022-10-13 12:16:46,1.04,1.04
BR220728S06H09YA0302.jpg,1,20,2022-10-13 12:17:01,1.04,1.04
BR220728S06H09YB0286.jpg,1,7,2022-10-13 12:17:16,1.04,1.04
BR220728S06H09YE0033.jpg,1,14,2022-10-13 12:17:31,1.04,1.04
BR220728S06H09YA0326.jpg,1,7,2022-10-13 12:17:46,1.04,1.04
BR220728S06H09YA0325.jpg,1,12,2022-10-13 12:18:00,1.04,1.04
BR220728S06H09YB0301.jpg,1,24,2022-10-13 12:18:17,1.04,1.04
BR220728S06H09YJ0079.jpg,1,18,2022-10-13 12:18:31,1.04,1.04
BR220728S06H09YA0332.jpg,1,26,2022-10-13 12:18:46,1.04,1.04
BR220728S06H09YA0434.jpg,1,19,2022-10-13 12:19:01,1.04,1.04
BR220728S06H09YC0138.jpg,1,19,2022-10-13 12:19:16,1.04,1.04
BR220728S06H09YB0348.jpg,1,22,2022-10-13 12:19:31,1.04,1.04
BR220728S06H09YA0330.jpg,1,23,2022-10-13 12:19:46,1.04,1.04
BR220728S06H09YE0052.jpg,1,22,2022-10-13 12:20:01,1.04,1.04
BR220728S06H09YB0249.jpg,1,14,2022-10-13 12:20:16,1.04,1.04
BR220728S06H09YA0470.jpg,1,9,2022-10-13 12:20:31,1.04,1.04
BR220728S06H09YA0334.jpg,1,13,2022-10-13 12:20:46,1.04,1.04
BR220728S06H09YC0163.jpg,1,10,2022-10-13 12:21:01,1.04,1.04
BR220728S06H09YA0369.jpg,1,19,2022-10-13 12:21:16,1.04,1.04
BR220728S06H09YC0130.jpg,1,6,2022-10-13 12:21:31,1.04,1.04
BR220728S06H09YB0229.jpg,1,5,2022-10-13 12:21:46,1.04,1.04
BR220728S06H09YB0329.jpg,1,19,2022-10-13 12:22:01,1.04,1.04
BR220728S06H09YA0295.jpg,1,13,2022-10-13 12:22:16,1.04,1.04
BR220728S06H09YB0235.jpg,1,11,2022-10-13 12:22:31,1.04,1.04
BR220728S06H09YB0287.jpg,1,31,2022-10-13 12:22:46,1.04,1.04
BR220728S06H09YB0351.jpg,1,15,2022-10-13 12:23:01,1.04,1.04
BR220728S06H09YA0337.jpg,1,9,2022-10-13 12:23:16,1.04,1.04
BR220728S06H09YB0290.jpg,1,27,2022-10-13 12:23:31,1.04,1.04
BR220728S06H09YA0209.jpg,1,11,2022-10-13 12:23:46,1.04,1.04
BR220728S06H09YB0248.jpg,1,8,2022-10-13 12:24:01,1.04,1.04
BR220728S06H09YA0303.jpg,1,10,2022-10-13 12:24:16,1.04,1.04
BR220728S06H09YA0241.jpg,1,13,2022-10-13 12:24:31,1.04,1.04
BR220728S06H09YA0347.jpg,1,10,2022-10-13 12:24:46,1.04,1.04
BR220728S06H09YA0322.jpg,1,8,2022-10-13 12:25:01,1.04,1.04
BR220728S06H09YB0233.jpg,1,8,2022-10-13 12:25:16,1.04,1.04
BR220728S06H09YB0299.jpg,1,7,2022-10-13 12:25:31,1.04,1.04
BR220728S06H09YA0439.jpg,1,6,2022-10-13 12:25:46,1.04,1.04
BR220728S06H09YB0230.jpg,1,7,2022-10-13 12:26:01,1.04,1.04
BR220728S06H09YB0170.jpg,1,9,2022-10-13 12:26:16,1.04,1.04
BR220728S06H09YA0194.jpg,1,13,2022-10-13 12:26:32,1.04,1.04
BR220728S06H09YB0253.jpg,1,10,2022-10-13 12:26:46,1.04,1.04
BR220728S06H09YB0255.jpg,1,11,2022-10-13 12:27:01,1.04,1.04
BR220728S06H09YB0364.jpg,1,14,2022-10-13 12:27:16,1.04,1.04
BR220728S06H09YA0376.jpg,1,11,2022-10-13 12:27:31,1.04,1.04
BR220728S06H09YB0259.jpg,1,15,2022-10-13 12:27:46,1.04,1.04
BR220728S06H09YA0212.jpg,1,11,2022-10-13 12:28:02,1.04,1.04
BR220728S06H09YB0354.jpg,1,7,2022-10-13 12:28:16,1.04,1.04
BR220728S06H09YA0424.jpg,1,7,2022-10-13 12:28:31,1.04,1.04
BR220728S06H09YC0100.jpg,1,7,2022-10-13 12:28:46,1.04,1.04
BR220728S06H09YA0269.jpg,1,8,2022-10-13 12:29:01,1.04,1.04
BR220728S06H09YJ0096.jpg,1,17,2022-10-13 12:29:16,1.04,1.04
BR220728S06H09YJ0086.jpg,1,5,2022-10-13 12:29:31,1.04,1.04
BR220728S06H09YB0185.jpg,1,4,2022-10-13 12:29:47,1.04,1.04
BR220728S06H09YB0260.jpg,1,15,2022-10-13 12:30:01,1.04,1.04
BR220728S06H09YA0263.jpg,1,9,2022-10-13 12:30:16,1.04,1.04
BR220728S06H09YB0273.jpg,1,38,2022-10-13 12:30:32,1.04,1.04
BR220728S06H09YB0251.jpg,1,8,2022-10-13 12:30:47,1.04,1.04
BR220728S06H09YC0076.jpg,1,12,2022-10-13 12:31:02,1.04,1.04
BR220728S06H09YA0469.jpg,1,8,2022-10-13 12:31:17,1.04,1.04
BR220728S06H09YC0128.jpg,1,6,2022-10-13 12:31:31,1.04,1.04
BR220728S06H09YC0105.jpg,1,9,2022-10-13 12:31:47,1.04,1.04
BR220728S06H09YA0313.jpg,1,11,2022-10-13 12:32:02,1.04,1.04
BR220728S06H09YA0205.jpg,1,14,2022-10-13 12:32:17,1.04,1.04
BR220728S06H09YA0211.jpg,1,10,2022-10-13 12:32:32,1.04,1.04
BR220728S06H09YJ0058.jpg,1,10,2022-10-13 12:32:47,1.04,1.04
BR220728S06H09YA0413.jpg,1,18,2022-10-13 12:33:02,1.04,1.04
BR220728S06H09YA0425.jpg,1,17,2022-10-13 12:33:17,1.04,1.04
BR220728S06H09YA0423.jpg,1,8,2022-10-13 12:33:32,1.04,1.04
BR220728S06H09YA0386.jpg,1,10,2022-10-13 12:33:47,1.04,1.04
BR220728S06H09YC0154.jpg,1,16,2022-10-13 12:34:02,1.04,1.04
BR220728S06H09YB0213.jpg,1,9,2022-10-13 12:34:16,1.04,1.04
BR220728S06H09YA0416.jpg,1,15,2022-10-13 12:34:32,1.04,1.04
BR220728S06H09YJ0089.jpg,1,9,2022-10-13 12:34:47,1.04,1.04
BR220728S06H09YC0147.jpg,1,8,2022-10-13 12:35:02,1.04,1.04
BR220728S06H09YA0422.jpg,1,13,2022-10-13 12:35:17,1.04,1.04
BR220728S06H09YA0305.jpg,1,2,2022-10-13 12:35:32,1.04,1.04
BR220728S06H09YA0441.jpg,1,10,2022-10-13 12:35:47,1.04,1.04
BR220728S06H09YA0393.jpg,1,11,2022-10-13 12:36:02,1.04,1.04
BR220728S06H09YJ0065.jpg,1,11,2022-10-13 12:36:17,1.04,1.04
BR220728S06H09YA0483.jpg,1,3,2022-10-13 12:36:32,1.04,1.04
BR220728S06H09YJ0068.jpg,1,17,2022-10-13 12:36:47,1.04,1.04
BR220728S06H09YB0254.jpg,1,11,2022-10-13 12:37:02,1.04,1.04
BR220728S06H09YC0115.jpg,1,7,2022-10-13 12:37:17,1.04,1.04
BR220728S06H09YA0363.jpg,1,7,2022-10-13 12:37:32,1.04,1.04
BR220728S06H09YA0223.jpg,1,19,2022-10-13 12:37:47,1.04,1.04
BR220728S06H09YB0383.jpg,1,36,2022-10-13 12:38:02,1.04,1.04
BR220728S06H09YA0404.jpg,1,18,2022-10-13 12:38:17,1.04,1.04
BR220728S06H09YJ0062.jpg,1,6,2022-10-13 12:38:32,1.04,1.04
BR220728S06H09YB0247.jpg,1,17,2022-10-13 12:38:47,1.04,1.04
BR220728S06H09YJ0102.jpg,1,20,2022-10-13 12:39:02,1.04,1.04
BR220728S06H09YB0371.jpg,1,12,2022-10-13 12:39:16,1.04,1.04
BR220728S06H09YA0463.jpg,1,20,2022-10-13 12:39:32,1.04,1.04
BR220728S06H09YC0108.jpg,1,14,2022-10-13 12:39:47,1.04,1.04
BR220728S06H09YA0254.jpg,1,9,2022-10-13 12:40:02,1.04,1.04
BR220728S06H09YB0198.jpg,1,13,2022-10-13 12:40:17,1.04,1.04
BR220728S06H09YC0088.jpg,1,5,2022-10-13 12:40:32,1.04,1.04
BR220728S06H09YB0262_1.jpg,1,15,2022-10-13 12:40:46,1.04,1.04
BR220728S06H09YA0341.jpg,1,9,2022-10-13 12:41:01,1.04,1.04
BR220728S06H09YA0217.jpg,1,15,2022-10-13 12:41:16,1.04,1.04
BR220728S06H09YB0325.jpg,1,7,2022-10-13 12:41:31,1.04,1.04
BR220728S06H09YB0340.jpg,1,15,2022-10-13 12:41:46,1.04,1.04
BR220728S06H09YA0411.jpg,1,22,2022-10-13 12:42:01,1.04,1.04
BR220728S06H09YA0380.jpg,1,14,2022-10-13 12:42:16,1.04,1.04
BR220728S06H09YB0189.jpg,1,10,2022-10-13 12:42:31,1.04,1.04
BR220728S06H09YA0275.jpg,1,9,2022-10-13 12:42:46,1.04,1.04
BR220728S06H09YB0333.jpg,1,32,2022-10-13 12:43:01,1.04,1.04
BR220728S06H09YA0446.jpg,1,9,2022-10-13 12:43:16,1.04,1.04
BR220728S06H09YC0162.jpg,1,11,2022-10-13 12:43:32,1.04,1.04
BR220728S06H09YA0252.jpg,1,14,2022-10-13 12:43:46,1.04,1.04
BR220728S06H09YA0452.jpg,1,5,2022-10-13 12:44:01,1.04,1.04
BR220728S06H09YJ0071.jpg,1,11,2022-10-13 12:44:16,1.04,1.04
BR220728S06H09YA0428.jpg,1,15,2022-10-13 12:44:31,1.04,1.04
BR220728S06H09YA0206.jpg,1,5,2022-10-13 12:44:47,1.04,1.04
BR220728S06H09YJ0099.jpg,1,5,2022-10-13 12:45:02,1.04,1.04
BR220728S06H09YA0394.jpg,1,6,2022-10-13 12:45:17,1.04,1.04
BR220728S06H09YA0387.jpg,1,5,2022-10-13 12:45:32,1.04,1.04
BR220728S06H09YC0185.jpg,1,65,2022-10-13 12:45:47,1.04,1.04
BR220728S06H09YA0383.jpg,1,11,2022-10-13 12:46:01,1.04,1.04
BR220728S06H09YB0207.jpg,1,10,2022-10-13 12:46:17,1.04,1.04
BR220728S06H09YA0290.jpg,1,5,2022-10-13 12:46:31,1.04,1.04
BR220728S06H09YA0482.jpg,1,6,2022-10-13 12:46:46,1.04,1.04
BR220728S06H09YB0338.jpg,1,15,2022-10-13 12:47:01,1.04,1.04
BR220728S06H09YC0090.jpg,1,15,2022-10-13 12:47:17,1.04,1.04
BR220728S06H09YC0114.jpg,1,10,2022-10-13 12:47:32,1.04,1.04
BR220728S06H09YA0385.jpg,1,12,2022-10-13 12:47:47,1.04,1.04
BR220728S06H09YA0280.jpg,1,12,2022-10-13 12:48:02,1.04,1.04
BR220728S06H09YB0167.jpg,1,6,2022-10-13 12:48:17,1.04,1.04
BR220728S06H09YB0217.jpg,1,9,2022-10-13 12:48:32,1.04,1.04
BR220728S06H09YA0328.jpg,1,8,2022-10-13 12:48:47,1.04,1.04
BR220728S06H09YJ0063.jpg,1,7,2022-10-13 12:49:02,1.04,1.04
BR220728S06H09YB0196.jpg,1,8,2022-10-13 12:49:17,1.04,1.04
BR220728S06H09YA0445.jpg,1,3,2022-10-13 12:49:32,1.04,1.04
BR220728S06H09YC0132.jpg,1,14,2022-10-13 12:49:47,1.04,1.04
BR220728S06H09YB0327.jpg,1,23,2022-10-13 12:50:02,1.04,1.04
BR220728S06H09YC0078.jpg,1,6,2022-10-13 12:50:17,1.04,1.04
BR220728S06H09YB0212.jpg,1,14,2022-10-13 12:50:32,1.04,1.04
BR220728S06H09YB0293.jpg,1,6,2022-10-13 12:50:47,1.04,1.04
BR220728S06H09YA0409.jpg,1,5,2022-10-13 12:51:02,1.04,1.04
BR220728S06H09YB0178.jpg,1,8,2022-10-13 12:51:17,1.04,1.04
BR220728S06H09YA0176.jpg,1,13,2022-10-13 12:51:32,1.04,1.04
BR220728S06H09YB0320.jpg,1,5,2022-10-13 12:51:47,1.04,1.04
BR220728S06H09YA0458.jpg,1,6,2022-10-13 12:52:02,1.04,1.04
BR220728S06H09YA0266.jpg,1,14,2022-10-13 12:52:17,1.04,1.04
BR220728S06H09YA0353.jpg,1,3,2022-10-13 12:52:32,1.04,1.04
BR220728S06H09YA0245.jpg,1,11,2022-10-13 12:52:47,1.04,1.04
BR220728S06H09YA0375.jpg,1,12,2022-10-13 12:53:02,1.04,1.04
BR220728S06H09YA0454.jpg,1,8,2022-10-13 12:53:17,1.04,1.04
BR220728S06H09YA0248.jpg,1,11,2022-10-13 12:53:32,1.04,1.04
BR220728S06H09YA0299.jpg,1,6,2022-10-13 12:53:47,1.04,1.04
BR220728S06H09YA0218.jpg,1,16,2022-10-13 12:54:02,1.04,1.04
BR220728S06H09YA0268.jpg,1,9,2022-10-13 12:54:32,1.04,1.04
BR220728S06H09YC0135.jpg,1,9,2022-10-13 12:54:47,1.04,1.04
BR220728S06H09YB0289.jpg,1,28,2022-10-13 12:55:02,1.04,1.04
BR220728S06H09YB0248_1.jpg,1,8,2022-10-13 12:55:17,1.04,1.04
BR220728S06H09YJ0085.jpg,1,13,2022-10-13 12:55:32,1.04,1.04
BR220728S06H09YA0251.jpg,1,7,2022-10-13 12:55:47,1.04,1.04
BR220728S06H09YB0231.jpg,1,8,2022-10-13 12:56:02,1.04,1.04
BR220728S06H09YA0333.jpg,1,10,2022-10-13 12:56:17,1.04,1.04
BR220728S06H09YC0113.jpg,1,8,2022-10-13 12:56:33,1.04,1.04
BR220728S06H09YB0370.jpg,1,16,2022-10-13 12:56:47,1.04,1.04
BR220728S06H09YB0265.jpg,1,29,2022-10-13 12:57:03,1.04,1.04
BR220728S06H09YB0256.jpg,1,21,2022-10-13 12:57:17,1.04,1.04
BR220728S06H09YA0444.jpg,1,12,2022-10-13 12:57:32,1.04,1.04
BR220728S06H09YA0398.jpg,1,18,2022-10-13 12:57:47,1.04,1.04
BR220728S06H09YA0374.jpg,1,14,2022-10-13 12:58:02,1.04,1.04
BR220728S06H09YC0144.jpg,1,9,2022-10-13 12:58:18,1.04,1.04
BR220728S06H09YA0272.jpg,1,9,2022-10-13 12:58:33,1.04,1.04
BR220728S06H09YB0336.jpg,1,38,2022-10-13 12:58:48,1.04,1.04
BR220728S06H09YB0244.jpg,1,16,2022-10-13 12:59:02,1.04,1.04
BR220728S06H09YC0153.jpg,1,8,2022-10-13 12:59:18,1.04,1.04
BR220728S06H09YA0390.jpg,1,9,2022-10-13 12:59:32,1.04,1.04
BR220728S06H09YA0412.jpg,1,10,2022-10-13 12:59:48,1.04,1.04
BR220728S06H09YA0309.jpg,1,6,2022-10-13 13:00:02,1.04,1.04
BR220728S06H09YB0379.jpg,1,23,2022-10-13 13:00:17,1.04,1.04
BR220728S06H09YB0284.jpg,1,10,2022-10-13 13:00:32,1.04,1.04
BR220728S06H09YA0276.jpg,1,12,2022-10-13 13:00:48,1.04,1.04
BR220728S06H09YJ0091.jpg,1,9,2022-10-13 13:01:03,1.04,1.04
BR220728S06H09YB0184.jpg,1,7,2022-10-13 13:01:17,1.04,1.04
BR220728S06H09YA0304.jpg,1,17,2022-10-13 13:01:32,1.04,1.04
BR220728S06H09YA0464.jpg,1,7,2022-10-13 13:01:47,1.04,1.04
BR220728S06H09YA0406.jpg,1,17,2022-10-13 13:02:03,1.04,1.04
BR220728S06H09YA0255.jpg,1,7,2022-10-13 13:02:17,1.04,1.04
BR220728S06H09YB0392.jpg,1,32,2022-10-13 13:02:32,1.04,1.04
BR220728S06H09YA0274.jpg,1,5,2022-10-13 13:02:48,1.04,1.04
BR220728S06H09YA0296.jpg,1,15,2022-10-13 13:03:03,1.04,1.04
BR220728S06H09YC0170.jpg,1,9,2022-10-13 13:03:18,1.04,1.04
BR220728S06H09YA0355.jpg,1,22,2022-10-13 13:03:33,1.04,1.04
BR220728S06H09YA0391.jpg,1,20,2022-10-13 13:03:48,1.04,1.04
BR220728S06H09YC0118.jpg,1,8,2022-10-13 13:04:03,1.04,1.04
BR220728S06H09YA0242.jpg,1,6,2022-10-13 13:04:18,1.04,1.04
BR220728S06H09YA0297.jpg,1,11,2022-10-13 13:04:33,1.04,1.04
BR220728S06H09YA0203.jpg,1,5,2022-10-13 13:04:48,1.04,1.04
BR220728S06H09YA0336.jpg,1,12,2022-10-13 13:05:03,1.04,1.04
BR220728S06H09YB0283.jpg,1,8,2022-10-13 13:05:18,1.04,1.04
BR220728S06H09YJ0075.jpg,1,8,2022-10-13 13:05:33,1.04,1.04
BR220728S06H09YB0318.jpg,1,3,2022-10-13 13:05:48,1.04,1.04
BR220728S06H09YB0396.jpg,1,22,2022-10-13 13:06:03,1.04,1.04
BR220728S06H09YA0174.jpg,1,9,2022-10-13 13:06:18,1.04,1.04
BR220728S06H09YJ0101.jpg,1,10,2022-10-13 13:06:33,1.04,1.04
BR220728S06H09YB0239.jpg,1,5,2022-10-13 13:06:48,1.04,1.04
BR220728S06H09YB0324.jpg,1,19,2022-10-13 13:07:02,1.04,1.04
BR220728S06H09YC0167.jpg,1,7,2022-10-13 13:07:18,1.04,1.04
BR220728S06H09YA0306.jpg,1,9,2022-10-13 13:07:32,1.04,1.04
BR220728S06H09YB0175.jpg,1,9,2022-10-13 13:07:48,1.04,1.04
BR220728S06H09YA0358.jpg,1,11,2022-10-13 13:08:03,1.04,1.04
BR220728S06H09YC0141.jpg,1,6,2022-10-13 13:08:18,1.04,1.04
BR220728S06H09YA0392.jpg,1,25,2022-10-13 13:08:33,1.04,1.04
BR220728S06H09YA0344.jpg,1,12,2022-10-13 13:08:48,1.04,1.04
BR220728S06H09YC0181.jpg,1,7,2022-10-13 13:09:03,1.04,1.04
BR220728S06H09YB0282.jpg,1,20,2022-10-13 13:09:18,1.04,1.04
BR220728S06H09YB0378.jpg,1,24,2022-10-13 13:09:33,1.04,1.04
BR220728S06H09YB0322.jpg,1,10,2022-10-13 13:09:48,1.04,1.04
BR220728S06H09YA0426.jpg,1,18,2022-10-13 13:10:03,1.04,1.04
BR220728S06H09YA0278.jpg,1,13,2022-10-13 13:10:18,1.04,1.04
BR220728S06H09YC0136.jpg,1,16,2022-10-13 13:10:33,1.04,1.04
BR220728S06H09YA0312.jpg,1,13,2022-10-13 13:10:48,1.04,1.04
BR220728S06H09YA0399.jpg,1,17,2022-10-13 13:11:03,1.04,1.04
BR220728S06H09YC0104.jpg,1,15,2022-10-13 13:11:18,1.04,1.04
BR220728S06H09YC0079.jpg,1,4,2022-10-13 13:11:34,1.04,1.04
BR220728S06H09YB0300.jpg,1,12,2022-10-13 13:11:48,1.04,1.04
BR220728S06H09YB0203.jpg,1,15,2022-10-13 13:12:03,1.04,1.04
BR220728S06H09YB0366.jpg,1,13,2022-10-13 13:12:18,1.04,1.04
BR220728S06H09YA0419.jpg,1,20,2022-10-13 13:12:33,1.04,1.04
BR220728S06H09YC0109.jpg,1,5,2022-10-13 13:12:48,1.04,1.04
BR220728S06H09YJ0098.jpg,1,9,2022-10-13 13:13:03,1.04,1.04
BR220728S06H09YA0318.jpg,1,6,2022-10-13 13:13:18,1.04,1.04
BR220728S06H09YA0466.jpg,1,4,2022-10-13 13:13:33,1.04,1.04
BR220728S06H09YA0177.jpg,1,8,2022-10-13 13:13:48,1.04,1.04
BR220728S06H09YA0465.jpg,1,12,2022-10-13 13:14:03,1.04,1.04
BR220728S06H09YA0244.jpg,1,6,2022-10-13 13:14:18,1.04,1.04
BR220728S06H09YA0256.jpg,1,8,2022-10-13 13:14:34,1.04,1.04
BR220728S06H09YC0173.jpg,1,13,2022-10-13 13:14:49,1.04,1.04
BR220728S06H09YA0474.jpg,1,18,2022-10-13 13:15:03,1.04,1.04
BR220728S06H09YB0292.jpg,1,19,2022-10-13 13:15:18,1.04,1.04
BR220728S06H09YA0381.jpg,1,17,2022-10-13 13:15:33,1.04,1.04
BR220728S06H09YB0297.jpg,1,24,2022-10-13 13:15:49,1.04,1.04
BR220728S06H09YC0149.jpg,1,9,2022-10-13 13:16:04,1.04,1.04
BR220728S06H09YA0331.jpg,1,5,2022-10-13 13:16:18,1.04,1.04
BR220728S06H09YC0089.jpg,1,14,2022-10-13 13:16:34,1.04,1.04
BR220728S06H09YA0257.jpg,1,5,2022-10-13 13:16:49,1.04,1.04
BR220728S06H09YB0250.jpg,1,14,2022-10-13 13:17:04,1.04,1.04
BR220728S06H09YJ0082.jpg,1,8,2022-10-13 13:17:18,1.04,1.04
BR220728S06H09YB0266.jpg,1,25,2022-10-13 13:17:33,1.04,1.04
BR220728S06H09YA0293.jpg,1,9,2022-10-13 13:17:49,1.04,1.04
BR220728S06H09YB0200.jpg,1,16,2022-10-13 13:18:04,1.04,1.04
BR220728S06H09YA0366.jpg,1,7,2022-10-13 13:18:19,1.04,1.04
BR220728S06H09YA0494.jpg,1,20,2022-10-13 13:18:34,1.04,1.04
BR220728S06H09YB0220.jpg,1,9,2022-10-13 13:18:49,1.04,1.04
BR220728S06H09YB0346.jpg,1,27,2022-10-13 13:19:03,1.04,1.04
BR220728S06H09YA0372.jpg,1,8,2022-10-13 13:19:18,1.04,1.04
BR220728S06H09YB0191.jpg,1,19,2022-10-13 13:19:34,1.04,1.04
BR220728S06H09YA0196.jpg,1,6,2022-10-13 13:19:49,1.04,1.04
BR220728S06H09YA0489.jpg,1,7,2022-10-13 13:20:04,1.04,1.04
BR220728S06H09YC0083.jpg,1,10,2022-10-13 13:20:19,1.04,1.04
BR220728S06H09YB0271.jpg,1,35,2022-10-13 13:20:34,1.04,1.04
BR220728S06H09YB0335.jpg,1,45,2022-10-13 13:20:49,1.04,1.04
BR220728S06H09YA0220.jpg,1,7,2022-10-13 13:21:04,1.04,1.04
BR220728S06H09YB0312.jpg,1,4,2022-10-13 13:21:19,1.04,1.04
BR220728S06H09YB0382.jpg,1,31,2022-10-13 13:21:34,1.04,1.04
BR220728S06H09YB0164.jpg,1,9,2022-10-13 13:21:49,1.04,1.04
BR220728S06H09YA0362.jpg,1,4,2022-10-13 13:22:04,1.04,1.04
BR220728S06H09YA0237.jpg,1,11,2022-10-13 13:22:19,1.04,1.04
BR220728S06H09YA0236.jpg,1,3,2022-10-13 13:22:34,1.04,1.04
BR220728S06H09YA0348.jpg,1,8,2022-10-13 13:22:49,1.04,1.04
BR220728S06H09YC0080.jpg,1,6,2022-10-13 13:23:04,1.04,1.04
BR220728S06H09YB0291.jpg,1,28,2022-10-13 13:23:19,1.04,1.04
BR220728S06H09YB0295.jpg,1,12,2022-10-13 13:23:34,1.04,1.04
BR220728S06H09YC0106.jpg,1,8,2022-10-13 13:23:49,1.04,1.04
BR220728S06H09YA0481.jpg,1,14,2022-10-13 13:24:04,1.04,1.04
BR220728S06H09YA0460.jpg,1,11,2022-10-13 13:24:19,1.04,1.04
BR220728S06H09YA0227.jpg,1,6,2022-10-13 13:24:49,1.04,1.04
BR220728S06H09YA0397.jpg,1,7,2022-10-13 13:25:04,1.04,1.04
BR220728S06H09YB0216.jpg,1,10,2022-10-13 13:25:19,1.04,1.04
BR220728S06H09YA0294.jpg,1,11,2022-10-13 13:25:34,1.04,1.04
BR220728S06H09YA0471.jpg,1,9,2022-10-13 13:25:49,1.04,1.04
BR220728S06H09YC0112.jpg,1,8,2022-10-13 13:26:04,1.04,1.04
BR220728S06H09YC0164.jpg,1,7,2022-10-13 13:26:19,1.04,1.04
BR220728S06H09YA0437.jpg,1,14,2022-10-13 13:26:34,1.04,1.04
BR220728S06H09YB0343.jpg,1,35,2022-10-13 13:26:50,1.04,1.04
BR220728S06H09YA0492.jpg,1,12,2022-10-13 13:27:04,1.04,1.04
BR220728S06H09YA0229.jpg,1,8,2022-10-13 13:27:19,1.04,1.04
BR220728S06H09YC0125.jpg,1,7,2022-10-13 13:27:35,1.04,1.04
BR220728S06H09YB0210.jpg,1,7,2022-10-13 13:28:04,1.04,1.04
BR220728S06H09YB0344.jpg,1,35,2022-10-13 13:28:20,1.04,1.04
BR220728S06H09YA0357.jpg,1,8,2022-10-13 13:28:34,1.04,1.04
BR220728S06H09YA0427.jpg,1,18,2022-10-13 13:28:50,1.04,1.04
BR220728S06H09YJ0083.jpg,1,10,2022-10-13 13:29:04,1.04,1.04
BR220728S06H09YC0129.jpg,1,8,2022-10-13 13:29:19,1.04,1.04
BR220728S06H09YC0122.jpg,1,9,2022-10-13 13:29:35,1.04,1.04
BR220728S06H09YB0193.jpg,1,5,2022-10-13 13:29:49,1.04,1.04
BR220728S06H09YC0085.jpg,1,9,2022-10-13 13:30:04,1.04,1.04
BR220728S06H09YA0493.jpg,1,12,2022-10-13 13:30:21,1.04,1.04
BR220728S06H09YC0091.jpg,1,4,2022-10-13 13:30:35,1.04,1.04
BR220728S06H09YA0204.jpg,1,6,2022-10-13 13:30:50,1.04,1.04
BR220728S06H09YA0350.jpg,1,8,2022-10-13 13:31:04,1.04,1.04
BR220728S06H09YC0174.jpg,1,14,2022-10-13 13:31:20,1.04,1.04
BR220728S06H09YC0172.jpg,1,10,2022-10-13 13:31:35,1.04,1.04
BR220728S06H09YA0455.jpg,1,21,2022-10-13 13:31:50,1.04,1.04
BR220728S06H09YB0199.jpg,1,10,2022-10-13 13:32:04,1.04,1.04
BR220728S06H09YA0207.jpg,1,12,2022-10-13 13:32:20,1.04,1.04
BR220728S06H09YA0230.jpg,1,10,2022-10-13 13:32:35,1.04,1.04
BR220728S06H09YB0280.jpg,1,22,2022-10-13 13:32:50,1.04,1.04
BR220728S06H09YC0096.jpg,1,6,2022-10-13 13:33:05,1.04,1.04
BR220728S06H09YC0165.jpg,1,9,2022-10-13 13:33:20,1.04,1.04
BR220728S06H09YA0408.jpg,1,12,2022-10-13 13:33:34,1.04,1.04
BR220728S06H09YB0245.jpg,1,7,2022-10-13 13:33:50,1.04,1.04
BR220728S06H09YA0432.jpg,1,14,2022-10-13 13:34:04,1.04,1.04
BR220728S06H09YA0370.jpg,1,9,2022-10-13 13:34:19,1.04,1.04
BR220728S06H09YC0150.jpg,1,7,2022-10-13 13:34:35,1.04,1.04
BR220728S06H09YA0403.jpg,1,12,2022-10-13 13:34:49,1.04,1.04
BR220728S06H09YJ0097.jpg,1,24,2022-10-13 13:35:05,1.04,1.04
BR220728S06H09YA0279.jpg,1,5,2022-10-13 13:35:20,1.04,1.04
BR220728S06H09YB0156.jpg,1,13,2022-10-13 13:35:35,1.04,1.04
BR220728S06H09YB0177.jpg,1,12,2022-10-13 13:35:50,1.04,1.04
BR220728S06H09YC0137.jpg,1,7,2022-10-13 13:36:04,1.04,1.04
BR220728S06H09YB0236.jpg,1,10,2022-10-13 13:36:20,1.04,1.04
BR220728S06H09YB0386.jpg,1,13,2022-10-13 13:36:35,1.04,1.04
BR220728S06H09YB0359.jpg,1,8,2022-10-13 13:36:50,1.04,1.04
BR220728S06H09YA0384.jpg,1,10,2022-10-13 13:37:05,1.04,1.04
BR220728S06H09YB0323.jpg,1,21,2022-10-13 13:37:19,1.04,1.04
BR220728S06H09YB0234.jpg,1,9,2022-10-13 13:37:35,1.04,1.04
BR220728S06H09YA0234.jpg,1,9,2022-10-13 13:37:50,1.04,1.04
BR220728S06H09YB0269.jpg,1,30,2022-10-13 13:38:05,1.04,1.04
BR220728S06H09YA0364.jpg,1,6,2022-10-13 13:38:35,1.04,1.04
BR220728S06H09YA0281.jpg,1,9,2022-10-13 13:38:50,1.04,1.04
BR220728S06H09YA0215.jpg,1,12,2022-10-13 13:39:05,1.04,1.04
BR220728S06H09YA0224.jpg,1,8,2022-10-13 13:39:20,1.04,1.04
BR220728S06H09YB0302.jpg,1,10,2022-10-13 13:39:35,1.04,1.04
BR220728S06H09YA0335.jpg,1,5,2022-10-13 13:39:50,1.04,1.04
BR220728S06H09YC0134.jpg,1,13,2022-10-13 13:40:05,1.04,1.04
BR220728S06H09YA0208.jpg,1,4,2022-10-13 13:40:20,1.04,1.04
BR220728S06H09YJ0103.jpg,1,6,2022-10-13 13:40:35,1.04,1.04
BR220728S06H09YB0226.jpg,1,9,2022-10-13 13:40:50,1.04,1.04
BR220728S06H09YJ0088.jpg,1,10,2022-10-13 13:41:05,1.04,1.04
BR220728S06H09YA0496.jpg,1,13,2022-10-13 13:41:20,1.04,1.04
BR220728S06H09YC0184.jpg,1,53,2022-10-13 13:41:35,1.04,1.04
BR220728S06H09YC0119.jpg,1,8,2022-10-13 13:41:50,1.04,1.04
BR220728S06H09YC0094.jpg,1,14,2022-10-13 13:42:05,1.04,1.04
BR220728S06H09YB0317.jpg,1,7,2022-10-13 13:42:20,1.04,1.04
BR220728S06H09YA0259.jpg,1,5,2022-10-13 13:42:35,1.04,1.04
BR220728S06H09YC0102.jpg,1,12,2022-10-13 13:42:51,1.04,1.04
BR220728S06H09YA0239.jpg,1,10,2022-10-13 13:43:05,1.04,1.04
BR220728S06H09YB0270.jpg,1,34,2022-10-13 13:43:21,1.04,1.04
BR220728S06H09YB0363.jpg,1,21,2022-10-13 13:43:36,1.04,1.04
BR220728S06H09YA0421.jpg,1,22,2022-10-13 13:43:51,1.04,1.04
BR220728S06H09YA0461.jpg,1,15,2022-10-13 13:44:05,1.04,1.04
BR220728S06H09YA0356.jpg,1,7,2022-10-13 13:44:20,1.04,1.04
BR220728S06H09YC0093.jpg,1,9,2022-10-13 13:44:35,1.04,1.04
BR220728S06H09YB0314.jpg,1,6,2022-10-13 13:44:50,1.04,1.04
BR220728S06H09YC0166.jpg,1,5,2022-10-13 13:45:06,1.04,1.04
BR220728S06H09YA0287.jpg,1,8,2022-10-13 13:45:21,1.04,1.04
BR220728S06H09YC0169.jpg,1,8,2022-10-13 13:45:35,1.04,1.04
BR220728S06H09YA0174 (copy).jpg,1,9,2022-10-13 19:40:10,1.04,1.04
BR220728S06H09YA0546.jpg,1,17,2022-10-13 19:40:31,1.04,1.04
BR220728S06H09YA0177 (copy).jpg,1,8,2022-10-13 19:40:46,1.04,1.04
BR220728S06H09YA0204 (copy).jpg,1,6,2022-10-13 20:13:28,1.04,1.04
BR220728S06H09YA0202 (copy).jpg,1,18,2022-10-13 20:19:59,1.04,1.04
BR220728S06H09YA0203 (copy).jpg,1,5,2022-10-13 20:20:00,1.04,1.04
