1A,BR220608S10H10YC004388.jpg,BR220608S10H10YC004388.jpg,Trinca,1.02,13.243111610412598
6A,BR220608S10H10YC004388.jpg,BR220608S10H10YC004388.jpg,Solda fria,12.4,13.243111610412598
7A,BR220608S10H10YC004388.jpg,BR220608S10H10YC004388.jpg,Solda fria,10.7,13.243111610412598
7C,BR220608S10H10YC004388.jpg,BR220608S10H10YC004388.jpg,Solda fria,10.93,13.243111610412598
7E,BR220608S10H10YC004388.jpg,BR220608S10H10YC004388.jpg,Solda fria,11.15,13.243111610412598
7F,BR220608S10H10YC004388.jpg,BR220608S10H10YC004388.jpg,Solda fria,10.65,13.243111610412598
8E,BR220608S10H10YC004388.jpg,BR220608S10H10YC004388.jpg,Solda fria,10.03,13.243111610412598
9A,BR220608S10H10YC004388.jpg,BR220608S10H10YC004388.jpg,Solda fria,10.74,13.243111610412598
9E,BR220608S10H10YC004388.jpg,BR220608S10H10YC004388.jpg,Solda fria,12.37,13.243111610412598
10C,BR220608S10H10YC004388.jpg,BR220608S10H10YC004388.jpg,Solda fria,13.1,13.243111610412598
10E,BR220608S10H10YC004388.jpg,BR220608S10H10YC004388.jpg,Solda fria,9.31,13.243111610412598
11E,BR220608S10H10YC004388.jpg,BR220608S10H10YC004388.jpg,Solda fria,10.61,13.243111610412598
12A,BR220608S10H10YC004388.jpg,BR220608S10H10YC004388.jpg,Solda fria,9.05,13.243111610412598
12B,BR220608S10H10YC004388.jpg,BR220608S10H10YC004388.jpg,Solda fria,13.23,13.243111610412598
12E,BR220608S10H10YC004388.jpg,BR220608S10H10YC004388.jpg,Solda fria,9.53,13.243111610412598
13A,BR220608S10H10YC004388.jpg,BR220608S10H10YC004388.jpg,Solda fria,8.89,13.243111610412598
13B,BR220608S10H10YC004388.jpg,BR220608S10H10YC004388.jpg,Solda fria,11.33,13.243111610412598
13F,BR220608S10H10YC004388.jpg,BR220608S10H10YC004388.jpg,Solda fria,12.8,13.243111610412598
16C,BR220608S10H10YC004388.jpg,BR220608S10H10YC004388.jpg,Solda fria,7.34,13.243111610412598
19A,BR220608S10H10YC004388.jpg,BR220608S10H10YC004388.jpg,Solda fria,10.86,13.243111610412598
19B,BR220608S10H10YC004388.jpg,BR220608S10H10YC004388.jpg,Solda fria,11.59,13.243111610412598
19D,BR220608S10H10YC004388.jpg,BR220608S10H10YC004388.jpg,Solda fria,12.58,13.243111610412598
19F,BR220608S10H10YC004388.jpg,BR220608S10H10YC004388.jpg,Solda fria,13.93,13.243111610412598
20A,BR220608S10H10YC004388.jpg,BR220608S10H10YC004388.jpg,Solda fria,10.4,13.243111610412598
20B,BR220608S10H10YC004388.jpg,BR220608S10H10YC004388.jpg,Solda fria,11.07,13.243111610412598
20E,BR220608S10H10YC004388.jpg,BR220608S10H10YC004388.jpg,Solda fria,6.42,13.243111610412598
20F,BR220608S10H10YC004388.jpg,BR220608S10H10YC004388.jpg,Solda fria,11.99,13.243111610412598
21B,BR220608S10H10YC004388.jpg,BR220608S10H10YC004388.jpg,Solda fria,13.27,13.243111610412598
21C,BR220608S10H10YC004388.jpg,BR220608S10H10YC004388.jpg,Solda fria,9.87,13.243111610412598
21F,BR220608S10H10YC004388.jpg,BR220608S10H10YC004388.jpg,Solda fria,11.47,13.243111610412598
22B,BR220608S10H10YC004388.jpg,BR220608S10H10YC004388.jpg,Solda fria,13.64,13.243111610412598
22F,BR220608S10H10YC004388.jpg,BR220608S10H10YC004388.jpg,Solda fria,13.66,13.243111610412598
23A,BR220608S10H10YC004388.jpg,BR220608S10H10YC004388.jpg,Solda fria,13.55,13.243111610412598
23B,BR220608S10H10YC004388.jpg,BR220608S10H10YC004388.jpg,Solda fria,9.73,13.243111610412598
23D,BR220608S10H10YC004388.jpg,BR220608S10H10YC004388.jpg,Solda fria,11.8,13.243111610412598
23E,BR220608S10H10YC004388.jpg,BR220608S10H10YC004388.jpg,Solda fria,13.94,13.243111610412598
23F,BR220608S10H10YC004388.jpg,BR220608S10H10YC004388.jpg,Solda fria,11.3,13.243111610412598
24C,BR220608S10H10YC004388.jpg,BR220608S10H10YC004388.jpg,Solda fria,9.96,13.243111610412598
